[{"id":"user-image-ATATRKAlnts.PNG","publicUrl":"np://user.desktop.nicepage.com/Site_3019627940/images/ATATRKAlnts.PNG","size":1692978,"hash":"PePPzC7+7M9YoDA7FkOySmctrJ0=","fileName":"ATATRKAlnts.PNG","name":"ATATRKAlnts","width":1920,"height":1041,"thumbnail":{"url":"np://user.desktop.nicepage.com/Site_3019627940/images/thumbnails/ATATRKAlnts.PNG","width":250,"height":136},"folderId":null,"usages":["93797490","285512856"]},{"id":"user-image-tek-adam-cilt-1-buyuk-boy-c9f5.webp","publicUrl":"np://user.desktop.nicepage.com/Site_3019627940/images/tek-adam-cilt-1-buyuk-boy-c9f5.webp","size":32052,"hash":"Ekoaz6sL2L3fZrSAgqrw2deuNPo=","fileName":"tek-adam-cilt-1-buyuk-boy-c9f5.webp","name":"tek-adam-cilt-1-buyuk-boy-c9f5","width":320,"height":474,"thumbnail":{"url":"np://user.desktop.nicepage.com/Site_3019627940/images/tek-adam-cilt-1-buyuk-boy-c9f5.webp","width":169,"height":250},"folderId":null,"usages":["285512856"]},{"id":"user-image-wh_true.jpg","publicUrl":"np://user.desktop.nicepage.com/Site_3019627940/images/wh_true.jpg","size":44862,"hash":"p+vsH/n5bNP4jch7EE7GzR5Gr0g=","fileName":"wh_true.jpg","name":"wh_true","width":400,"height":624,"thumbnail":{"url":"np://user.desktop.nicepage.com/Site_3019627940/images/thumbnails/wh_true.jpg","width":160,"height":250},"folderId":null,"usages":["285512856"]},{"id":"user-image-563dc8780f2544484859f7b2.webp","publicUrl":"np://user.desktop.nicepage.com/Site_3019627940/images/563dc8780f2544484859f7b2.webp","size":114230,"hash":"qIL4CutZuWni5g+v3BlxFXdn8fI=","fileName":"563dc8780f2544484859f7b2.webp","name":"563dc8780f2544484859f7b2","width":770,"height":1146,"thumbnail":{"url":"np://user.desktop.nicepage.com/Site_3019627940/images/563dc8780f2544484859f7b2.webp","width":168,"height":250},"folderId":null,"usages":["285512856"]},{"id":"user-image-748e1a54d1dc05ffb99df27f625d7aea.jpg","publicUrl":"np://user.desktop.nicepage.com/Site_3019627940/images/748e1a54d1dc05ffb99df27f625d7aea.jpg","size":27691,"hash":"J04y1a4ZZpqxmwSEGI9Snov3r4Q=","fileName":"748e1a54d1dc05ffb99df27f625d7aea.jpg","name":"748e1a54d1dc05ffb99df27f625d7aea","width":442,"height":376,"thumbnail":{"url":"np://user.desktop.nicepage.com/Site_3019627940/images/thumbnails/748e1a54d1dc05ffb99df27f625d7aea.jpg","width":250,"height":213},"folderId":null,"usages":["285512856"]},{"id":"user-image-a88671fbd2624fe98cbeb00c65c8420b.jpg","publicUrl":"np://user.desktop.nicepage.com/Site_3019627940/images/a88671fbd2624fe98cbeb00c65c8420b.jpg","size":63012,"hash":"/H87/POfuWc4cLq/a4EZ1Vzaazg=","fileName":"a88671fbd2624fe98cbeb00c65c8420b.jpg","name":"a88671fbd2624fe98cbeb00c65c8420b","width":564,"height":611,"thumbnail":{"url":"np://user.desktop.nicepage.com/Site_3019627940/images/thumbnails/a88671fbd2624fe98cbeb00c65c8420b.jpg","width":231,"height":250},"folderId":null,"usages":["285512856"]},{"id":"user-image-10915990274098.jpg","publicUrl":"np://user.desktop.nicepage.com/Site_3019627940/images/10915990274098.jpg","size":18982,"hash":"tUJoJO7p5hwWeBU5VPUBVgjQkaA=","fileName":"10915990274098.jpg","name":"10915990274098","width":300,"height":443,"thumbnail":{"url":"np://user.desktop.nicepage.com/Site_3019627940/images/thumbnails/10915990274098.jpg","width":169,"height":250},"folderId":null,"usages":["31214484"]},{"id":"user-image-c10c51f1dc524b35a6ce8f52b72c7fc4.jpg","publicUrl":"np://user.desktop.nicepage.com/Site_3019627940/images/c10c51f1dc524b35a6ce8f52b72c7fc4.jpg","size":58755,"hash":"0OgrfZx+WIwMcd3PF4nO5mavfz0=","fileName":"c10c51f1dc524b35a6ce8f52b72c7fc4.jpg","name":"c10c51f1dc524b35a6ce8f52b72c7fc4","width":268,"height":400,"thumbnail":{"url":"np://user.desktop.nicepage.com/Site_3019627940/images/thumbnails/c10c51f1dc524b35a6ce8f52b72c7fc4.jpg","width":168,"height":250},"folderId":null,"usages":["31214484"]},{"id":"user-image-10459556708402.jpg","publicUrl":"np://user.desktop.nicepage.com/Site_3019627940/images/10459556708402.jpg","size":37127,"hash":"V9/FqEPx5vfb6p9/2P8EoKkflok=","fileName":"10459556708402.jpg","name":"10459556708402","width":300,"height":443,"thumbnail":{"url":"np://user.desktop.nicepage.com/Site_3019627940/images/thumbnails/10459556708402.jpg","width":169,"height":250},"folderId":null,"usages":["31214484"]},{"id":"user-image-0000000623046-1.jpg","publicUrl":"np://user.desktop.nicepage.com/Site_3019627940/images/0000000623046-1.jpg","size":34627,"hash":"0+kXd09Q7jwrSk8FBEsP1pQa4+4=","fileName":"0000000623046-1.jpg","name":"0000000623046-1","width":251,"height":400,"thumbnail":{"url":"np://user.desktop.nicepage.com/Site_3019627940/images/thumbnails/0000000623046-1.jpg","width":157,"height":250},"folderId":null,"usages":["31214484"]},{"id":"user-image-72ecb634948248ad1f5ca56631e1b7eb.jpg","publicUrl":"np://user.desktop.nicepage.com/Site_3019627940/images/72ecb634948248ad1f5ca56631e1b7eb.jpg","size":35331,"hash":"59awvufkDMBFI4cCgYfCjD1lQak=","fileName":"72ecb634948248ad1f5ca56631e1b7eb.jpg","name":"72ecb634948248ad1f5ca56631e1b7eb","width":500,"height":661,"thumbnail":{"url":"np://user.desktop.nicepage.com/Site_3019627940/images/thumbnails/72ecb634948248ad1f5ca56631e1b7eb.jpg","width":189,"height":250},"folderId":null,"usages":[]},{"id":"user-image-0000000325204-1.jpg","publicUrl":"np://user.desktop.nicepage.com/Site_3019627940/images/0000000325204-1.jpg","size":39633,"hash":"Os5yBzIPTzBrAKklLE1+69JTIY8=","fileName":"0000000325204-1.jpg","name":"0000000325204-1","width":386,"height":600,"thumbnail":{"url":"np://user.desktop.nicepage.com/Site_3019627940/images/thumbnails/0000000325204-1.jpg","width":161,"height":250},"folderId":null,"usages":["285512856"]},{"id":"user-image-fransz-ihtilali.webp","publicUrl":"np://user.desktop.nicepage.com/Site_3019627940/images/fransz-ihtilali.webp","size":29412,"hash":"PTwR0k3tRVc5HZoRuZRGLJMEvqQ=","fileName":"fransz-ihtilali.webp","name":"fransz-ihtilali","width":617,"height":239,"thumbnail":{"url":"np://user.desktop.nicepage.com/Site_3019627940/images/fransz-ihtilali.webp","width":250,"height":97},"folderId":null,"usages":["31214484"]},{"id":"user-image-3e7784fb1b5b5cb580fd4bb74524a39d.jpg","publicUrl":"np://user.desktop.nicepage.com/Site_3019627940/images/3e7784fb1b5b5cb580fd4bb74524a39d.jpg","size":165723,"hash":"PDYKqUB+or5VYTXUkhqS9a2LqkY=","fileName":"3e7784fb1b5b5cb580fd4bb74524a39d.jpg","name":"3e7784fb1b5b5cb580fd4bb74524a39d","width":564,"height":752,"thumbnail":{"url":"np://user.desktop.nicepage.com/Site_3019627940/images/thumbnails/3e7784fb1b5b5cb580fd4bb74524a39d.jpg","width":188,"height":250},"folderId":null,"usages":["31214484"]},{"id":"user-image-Tarih.jpg","publicUrl":"np://user.desktop.nicepage.com/Site_3019627940/images/Tarih.jpg","size":143231,"hash":"LhPglwavXY5ToAXlym5u5Q6vtDU=","fileName":"Tarih.jpg","name":"Tarih","width":1024,"height":512,"thumbnail":{"url":"np://user.desktop.nicepage.com/Site_3019627940/images/thumbnails/Tarih.jpg","width":250,"height":125},"folderId":null,"usages":["121584340"]},{"id":"user-image-taner2.jpg","publicUrl":"np://user.desktop.nicepage.com/Site_3019627940/images/taner2.jpg","size":48761,"hash":"qboyMVAyqitMbeY43fNimaHXUBo=","fileName":"taner2.jpg","name":"taner2","width":696,"height":385,"thumbnail":{"url":"np://user.desktop.nicepage.com/Site_3019627940/images/thumbnails/taner2.jpg","width":250,"height":138},"folderId":null,"usages":["121584340"]},{"id":"user-image-10051167256626.jpg","publicUrl":"np://user.desktop.nicepage.com/Site_3019627940/images/10051167256626.jpg","size":52711,"hash":"tpxYOJxgBqt1PZHckOqDvxCbA3o=","fileName":"10051167256626.jpg","name":"10051167256626","width":300,"height":443,"thumbnail":{"url":"np://user.desktop.nicepage.com/Site_3019627940/images/thumbnails/10051167256626.jpg","width":169,"height":250},"folderId":null,"usages":["121584340"]},{"id":"user-image-10107174682674.jpg","publicUrl":"np://user.desktop.nicepage.com/Site_3019627940/images/10107174682674.jpg","size":40202,"hash":"imRqD1wUf6E/cf8vV/k0l9oT900=","fileName":"10107174682674.jpg","name":"10107174682674","width":300,"height":443,"thumbnail":{"url":"np://user.desktop.nicepage.com/Site_3019627940/images/thumbnails/10107174682674.jpg","width":169,"height":250},"folderId":null,"usages":["121584340"]},{"id":"user-image-110000288795437.jpg","publicUrl":"np://user.desktop.nicepage.com/Site_3019627940/images/110000288795437.jpg","size":40381,"hash":"WpSXF3OmP1Hr7+u1f/5FUdTZkCk=","fileName":"110000288795437.jpg","name":"110000288795437","width":300,"height":443,"thumbnail":{"url":"np://user.desktop.nicepage.com/Site_3019627940/images/thumbnails/110000288795437.jpg","width":169,"height":250},"folderId":null,"usages":["121584340"]},{"id":"user-image-110000008577507.jpg","publicUrl":"np://user.desktop.nicepage.com/Site_3019627940/images/110000008577507.jpg","size":62128,"hash":"D4bM13/wPkuo46yy2khHCir9iAo=","fileName":"110000008577507.jpg","name":"110000008577507","width":300,"height":443,"thumbnail":{"url":"np://user.desktop.nicepage.com/Site_3019627940/images/thumbnails/110000008577507.jpg","width":169,"height":250},"folderId":null,"usages":["121584340"]}]